what,kind,bundleId,bundleVersion,description,time
started,bundle,org.eclipse.jdt.junit.core,3.6.0.v20100526-0800,"org.eclipse.jdt.junit.core",1300903796605
executed,command,org.eclipse.ui,3.6.0.I20100603-1100,"org.eclipse.ui.newWizard",1300903861366
activated,workbench,org.eclipse.ui.workbench,3.6.0.I20100603-1100,"",1300903861384
started,bundle,org.eclipse.wst.ws.service.policy.ui,1.0.202.v201004211732,"org.eclipse.wst.ws.service.policy.ui",1300903867215
started,bundle,org.eclipse.wst.ws.service.policy,1.0.203.v201004211732,"org.eclipse.wst.ws.service.policy",1300903867216
started,bundle,org.eclipse.wst.command.env,1.0.409.v201004211805,"org.eclipse.wst.command.env",1300903867230
started,bundle,org.eclipse.wst.ws,1.1.203.v201004211805,"org.eclipse.wst.ws",1300903867230
deactivated,workbench,org.eclipse.ui.workbench,3.6.0.I20100603-1100,"",1300903869656
activated,workbench,org.eclipse.ui.workbench,3.6.0.I20100603-1100,"",1300903872091
deactivated,workbench,org.eclipse.ui.workbench,3.6.0.I20100603-1100,"",1300903987113
executed,command,org.eclipse.ui,3.6.0.I20100603-1100,"org.eclipse.ui.file.properties",1300904024063
activated,workbench,org.eclipse.ui.workbench,3.6.0.I20100603-1100,"",1300904024097
deactivated,workbench,org.eclipse.ui.workbench,3.6.0.I20100603-1100,"",1300904024525
activated,workbench,org.eclipse.ui.workbench,3.6.0.I20100603-1100,"",1300904024690
deactivated,workbench,org.eclipse.ui.workbench,3.6.0.I20100603-1100,"",1300904047788
started,bundle,org.eclipse.equinox.simpleconfigurator.manipulator,2.0.0.v20100503,"org.eclipse.equinox.simpleconfigurator.manipulator",1300904090064
started,bundle,org.eclipse.equinox.frameworkadmin,2.0.0.v20100503,"org.eclipse.equinox.frameworkadmin",1300904090069
executed,command,org.eclipse.ui,3.6.0.I20100603-1100,"org.eclipse.ui.newWizard",1300904090363
activated,workbench,org.eclipse.ui.workbench,3.6.0.I20100603-1100,"",1300904090380
opened,editor,org.eclipse.jdt.ui,3.6.0.v20100602-1600,"org.eclipse.jdt.ui.CompilationUnitEditor",1300904090583
activated,editor,org.eclipse.jdt.ui,3.6.0.v20100602-1600,"org.eclipse.jdt.ui.CompilationUnitEditor",1300904090674
executed,command,org.eclipse.ui.workbench.texteditor,3.6.0.v20100520-0800,"org.eclipse.ui.edit.text.delete.line",1300904094071
executed,command,org.eclipse.ui,3.6.0.I20100603-1100,"org.eclipse.ui.file.save",1300904094760
executed,command,org.eclipse.ui,3.6.0.I20100603-1100,"org.eclipse.ui.edit.text.contentAssist.proposals",1300904099585
executed,command,org.eclipse.ui.ide,3.6.0.I20100601-0800,"org.eclipse.jdt.ui.edit.text.java.correction.assist.proposals",1300904109971
activated,editor,org.eclipse.jdt.ui,3.6.0.v20100602-1600,"org.eclipse.jdt.ui.CompilationUnitEditor",1300904119870
activated,editor,org.eclipse.jdt.ui,3.6.0.v20100602-1600,"org.eclipse.jdt.ui.CompilationUnitEditor",1300904121148
activated,editor,org.eclipse.jdt.ui,3.6.0.v20100602-1600,"org.eclipse.jdt.ui.CompilationUnitEditor",1300904123932
executed,command,org.eclipse.ui.ide,3.6.0.I20100601-0800,"org.eclipse.jdt.ui.edit.text.java.correction.assist.proposals",1300904137934
executed,command,org.eclipse.ui.workbench.texteditor,3.6.0.v20100520-0800,"org.eclipse.ui.edit.text.goto.lineEnd",1300904149136
executed,command,org.eclipse.ui,3.6.0.I20100603-1100,"org.eclipse.ui.edit.text.contentAssist.proposals",1300904157010
executed,command,org.eclipse.ui.workbench.texteditor,3.6.0.v20100520-0800,"org.eclipse.ui.edit.text.goto.lineEnd",1300904176117
executed,command,org.eclipse.ui.workbench.texteditor,3.6.0.v20100520-0800,"org.eclipse.ui.edit.text.goto.lineEnd",1300904178687
executed,command,org.eclipse.ui.ide,3.6.0.I20100601-0800,"org.eclipse.jdt.ui.edit.text.java.correction.assist.proposals",1300904181267
executed,command,org.eclipse.ui.workbench.texteditor,3.6.0.v20100520-0800,"org.eclipse.ui.edit.text.delete.line",1300904192289
executed,command,org.eclipse.ui.workbench.texteditor,3.6.0.v20100520-0800,"org.eclipse.ui.edit.text.delete.line",1300904192437
executed,command,org.eclipse.ui.workbench.texteditor,3.6.0.v20100520-0800,"org.eclipse.ui.edit.text.scroll.lineDown",1300904192583
executed,command,org.eclipse.ui.ide,3.6.0.I20100601-0800,"org.eclipse.jdt.ui.edit.text.java.correction.assist.proposals",1300904194012
executed,command,org.eclipse.ui,3.6.0.I20100603-1100,"org.eclipse.ui.file.save",1300904195892
executed,command,org.eclipse.ui.workbench.texteditor,3.6.0.v20100520-0800,"org.eclipse.ui.edit.text.goto.lineEnd",1300904196180
executed,command,org.eclipse.ui.workbench.texteditor,3.6.0.v20100520-0800,"org.eclipse.ui.edit.text.select.lineEnd",1300904201904
executed,command,org.eclipse.ui,3.6.0.I20100603-1100,"org.eclipse.ui.edit.copy",1300904202557
executed,command,org.eclipse.ui,3.6.0.I20100603-1100,"org.eclipse.ui.edit.paste",1300904203101
executed,command,org.eclipse.ui,3.6.0.I20100603-1100,"org.eclipse.ui.edit.paste",1300904203920
executed,command,org.eclipse.ui.workbench.texteditor,3.6.0.v20100520-0800,"org.eclipse.ui.edit.text.goto.lineEnd",1300904205640
executed,command,org.eclipse.ui.ide,3.6.0.I20100601-0800,"org.eclipse.jdt.ui.edit.text.java.correction.assist.proposals",1300904211862
executed,command,org.eclipse.ui.ide,3.6.0.I20100601-0800,"org.eclipse.jdt.ui.edit.text.java.correction.assist.proposals",1300904217979
executed,command,org.eclipse.ui.ide,3.6.0.I20100601-0800,"org.eclipse.jdt.ui.edit.text.java.correction.assist.proposals",1300904221910
executed,command,org.eclipse.ui,3.6.0.I20100603-1100,"org.eclipse.ui.file.save",1300904227012
executed,command,org.eclipse.ui.workbench.texteditor,3.6.0.v20100520-0800,"org.eclipse.ui.edit.text.delete.line",1300904228097
executed,command,org.eclipse.ui.workbench.texteditor,3.6.0.v20100520-0800,"org.eclipse.ui.edit.text.delete.line",1300904228274
executed,command,org.eclipse.ui.workbench.texteditor,3.6.0.v20100520-0800,"org.eclipse.ui.edit.text.delete.line",1300904228585
executed,command,org.eclipse.ui,3.6.0.I20100603-1100,"org.eclipse.ui.edit.undo",1300904229884
executed,command,org.eclipse.ui.workbench.texteditor,3.6.0.v20100520-0800,"org.eclipse.ui.edit.text.moveLineUp",1300904231836
executed,command,org.eclipse.ui.workbench.texteditor,3.6.0.v20100520-0800,"org.eclipse.ui.edit.text.moveLineUp",1300904231976
executed,command,org.eclipse.ui.workbench.texteditor,3.6.0.v20100520-0800,"org.eclipse.ui.edit.text.moveLineUp",1300904232225
executed,command,org.eclipse.ui,3.6.0.I20100603-1100,"org.eclipse.ui.file.save",1300904258872
activated,view,org.eclipse.ui.navigator.resources,3.4.200.I20100601-0800,"org.eclipse.ui.navigator.ProjectExplorer",1300904260147
executed,command,org.eclipse.jdt.junit,3.6.0.v20100526-0800,"org.eclipse.jdt.junit.junitShortcut.run",1300904264647
deactivated,workbench,org.eclipse.ui.workbench,3.6.0.I20100603-1100,"",1300904264792
activated,workbench,org.eclipse.ui.workbench,3.6.0.I20100603-1100,"",1300904274891
started,bundle,org.python.pydev.debug,1.6.3.2010100513,"org.python.pydev.debug",1300904275230
opened,view,org.eclipse.jdt.junit,3.6.0.v20100526-0800,"org.eclipse.jdt.junit.ResultView",1300904275378
activated,view,org.eclipse.jdt.junit,3.6.0.v20100526-0800,"org.eclipse.jdt.junit.ResultView",1300904282262
activated,editor,org.eclipse.jdt.ui,3.6.0.v20100602-1600,"org.eclipse.jdt.ui.CompilationUnitEditor",1300904283561
activated,view,org.eclipse.jdt.junit,3.6.0.v20100526-0800,"org.eclipse.jdt.junit.ResultView",1300904299038
activated,editor,org.eclipse.jdt.ui,3.6.0.v20100602-1600,"org.eclipse.jdt.ui.CompilationUnitEditor",1300904301797
executed,command,org.eclipse.ui.workbench.texteditor,3.6.0.v20100520-0800,"org.eclipse.ui.edit.text.goto.lineEnd",1300904311421
executed,command,org.eclipse.ui.workbench.texteditor,3.6.0.v20100520-0800,"org.eclipse.ui.edit.text.goto.lineEnd",1300904311747
executed,command,org.eclipse.ui,3.6.0.I20100603-1100,"org.eclipse.ui.edit.text.contentAssist.proposals",1300904317940
executed,command,org.eclipse.ui,3.6.0.I20100603-1100,"org.eclipse.ui.file.save",1300904322186
activated,editor,org.eclipse.jdt.ui,3.6.0.v20100602-1600,"org.eclipse.jdt.ui.CompilationUnitEditor",1300904325798
activated,editor,org.eclipse.jdt.ui,3.6.0.v20100602-1600,"org.eclipse.jdt.ui.CompilationUnitEditor",1300904328066
activated,view,org.eclipse.jdt.junit,3.6.0.v20100526-0800,"org.eclipse.jdt.junit.ResultView",1300904334164
executed,command,org.eclipse.jdt.junit,3.6.0.v20100526-0800,"org.eclipse.jdt.junit.junitShortcut.rerunLast",1300904334168
activated,editor,org.eclipse.jdt.ui,3.6.0.v20100602-1600,"org.eclipse.jdt.ui.CompilationUnitEditor",1300904337118
executed,command,org.eclipse.ui.workbench.texteditor,3.6.0.v20100520-0800,"org.eclipse.ui.edit.text.select.lineEnd",1300904403521
executed,command,org.eclipse.ui,3.6.0.I20100603-1100,"org.eclipse.ui.edit.copy",1300904404123
executed,command,org.eclipse.ui,3.6.0.I20100603-1100,"org.eclipse.ui.edit.paste",1300904405618
executed,command,org.eclipse.ui.ide,3.6.0.I20100601-0800,"org.eclipse.jdt.ui.edit.text.java.correction.assist.proposals",1300904425795
executed,command,org.eclipse.ui,3.6.0.I20100603-1100,"org.eclipse.ui.edit.text.contentAssist.proposals",1300904431959
executed,command,org.eclipse.ui,3.6.0.I20100603-1100,"org.eclipse.ui.edit.text.contentAssist.proposals",1300904441567
executed,command,org.eclipse.ui.workbench.texteditor,3.6.0.v20100520-0800,"org.eclipse.ui.edit.text.select.lineEnd",1300904456122
executed,command,org.eclipse.ui,3.6.0.I20100603-1100,"org.eclipse.ui.edit.delete",1300904467485
executed,command,org.eclipse.ui,3.6.0.I20100603-1100,"org.eclipse.ui.edit.delete",1300904467980
executed,command,org.eclipse.ui,3.6.0.I20100603-1100,"org.eclipse.ui.edit.delete",1300904468013
executed,command,org.eclipse.ui,3.6.0.I20100603-1100,"org.eclipse.ui.edit.delete",1300904468045
executed,command,org.eclipse.ui.workbench.texteditor,3.6.0.v20100520-0800,"org.eclipse.ui.edit.text.select.lineEnd",1300904470068
executed,command,org.eclipse.ui,3.6.0.I20100603-1100,"org.eclipse.ui.edit.text.contentAssist.proposals",1300904513003
executed,command,org.eclipse.ui.workbench.texteditor,3.6.0.v20100520-0800,"org.eclipse.ui.edit.text.select.lineStart",1300904516918
executed,command,org.eclipse.ui,3.6.0.I20100603-1100,"org.eclipse.ui.edit.copy",1300904517292
executed,command,org.eclipse.ui.workbench.texteditor,3.6.0.v20100520-0800,"org.eclipse.ui.edit.text.goto.lineEnd",1300904517460
executed,command,org.eclipse.ui,3.6.0.I20100603-1100,"org.eclipse.ui.edit.paste",1300904517787
executed,command,org.eclipse.ui,3.6.0.I20100603-1100,"org.eclipse.ui.edit.text.contentAssist.proposals",1300904525089
executed,command,org.eclipse.ui,3.6.0.I20100603-1100,"org.eclipse.ui.file.save",1300904533104
executed,command,org.eclipse.ui.workbench.texteditor,3.6.0.v20100520-0800,"org.eclipse.ui.edit.text.goto.lineEnd",1300904535229
executed,command,org.eclipse.ui.workbench.texteditor,3.6.0.v20100520-0800,"org.eclipse.ui.edit.text.select.lineEnd",1300904540037
executed,command,org.eclipse.ui.workbench.texteditor,3.6.0.v20100520-0800,"org.eclipse.ui.edit.text.select.lineEnd",1300904541491
executed,command,org.eclipse.ui,3.6.0.I20100603-1100,"org.eclipse.ui.edit.copy",1300904542321
executed,command,org.eclipse.ui.workbench.texteditor,3.6.0.v20100520-0800,"org.eclipse.ui.edit.text.goto.lineEnd",1300904543469
executed,command,org.eclipse.ui,3.6.0.I20100603-1100,"org.eclipse.ui.edit.paste",1300904544060
executed,command,org.eclipse.ui.workbench.texteditor,3.6.0.v20100520-0800,"org.eclipse.ui.edit.text.goto.lineStart",1300904546815
executed,command,org.eclipse.ui.workbench.texteditor,3.6.0.v20100520-0800,"org.eclipse.ui.edit.text.goto.lineEnd",1300904551058
executed,command,org.eclipse.ui,3.6.0.I20100603-1100,"org.eclipse.ui.edit.text.contentAssist.proposals",1300904559772
executed,command,org.eclipse.ui.workbench.texteditor,3.6.0.v20100520-0800,"org.eclipse.ui.edit.text.goto.lineEnd",1300904560733
executed,command,org.eclipse.ui.workbench.texteditor,3.6.0.v20100520-0800,"org.eclipse.ui.edit.text.delete.line",1300904562337
executed,command,org.eclipse.ui.workbench.texteditor,3.6.0.v20100520-0800,"org.eclipse.ui.edit.text.goto.lineEnd",1300904569044
executed,command,org.eclipse.ui.workbench.texteditor,3.6.0.v20100520-0800,"org.eclipse.ui.edit.text.delete.line",1300904588879
executed,command,org.eclipse.ui.workbench.texteditor,3.6.0.v20100520-0800,"org.eclipse.ui.edit.text.delete.line",1300904589796
executed,command,org.eclipse.ui.workbench.texteditor,3.6.0.v20100520-0800,"org.eclipse.ui.edit.text.delete.line",1300904590901
activated,view,org.eclipse.jdt.junit,3.6.0.v20100526-0800,"org.eclipse.jdt.junit.ResultView",1300904601244
executed,command,org.eclipse.jdt.junit,3.6.0.v20100526-0800,"org.eclipse.jdt.junit.junitShortcut.rerunLast",1300904601246
deactivated,workbench,org.eclipse.ui.workbench,3.6.0.I20100603-1100,"",1300904601300
activated,workbench,org.eclipse.ui.workbench,3.6.0.I20100603-1100,"",1300904602955
activated,editor,org.eclipse.jdt.ui,3.6.0.v20100602-1600,"org.eclipse.jdt.ui.CompilationUnitEditor",1300904605941
executed,command,org.eclipse.ui.workbench.texteditor,3.6.0.v20100520-0800,"org.eclipse.ui.edit.text.delete.line",1300904614850
executed,command,org.eclipse.ui.workbench.texteditor,3.6.0.v20100520-0800,"org.eclipse.ui.edit.text.delete.line",1300904614986
executed,command,org.eclipse.ui.workbench.texteditor,3.6.0.v20100520-0800,"org.eclipse.ui.edit.text.delete.line",1300904615339
executed,command,org.eclipse.ui,3.6.0.I20100603-1100,"org.eclipse.ui.edit.copy",1300904619292
executed,command,org.eclipse.ui,3.6.0.I20100603-1100,"org.eclipse.ui.edit.paste",1300904621422
executed,command,org.eclipse.ui.workbench.texteditor,3.6.0.v20100520-0800,"org.eclipse.ui.edit.text.goto.lineEnd",1300904623302
activated,editor,org.eclipse.jdt.ui,3.6.0.v20100602-1600,"org.eclipse.jdt.ui.CompilationUnitEditor",1300904658885
activated,editor,org.eclipse.jdt.ui,3.6.0.v20100602-1600,"org.eclipse.jdt.ui.CompilationUnitEditor",1300904665965
executed,command,org.eclipse.ui.workbench.texteditor,3.6.0.v20100520-0800,"org.eclipse.ui.edit.text.goto.lineEnd",1300904667808
executed,command,org.eclipse.ui.workbench.texteditor,3.6.0.v20100520-0800,"org.eclipse.ui.edit.text.goto.lineEnd",1300904673308
executed,command,org.eclipse.ui.workbench.texteditor,3.6.0.v20100520-0800,"org.eclipse.ui.edit.text.goto.lineEnd",1300904673899
activated,editor,org.eclipse.jdt.ui,3.6.0.v20100602-1600,"org.eclipse.jdt.ui.CompilationUnitEditor",1300904770664
executed,command,org.eclipse.ui,3.6.0.I20100603-1100,"org.eclipse.ui.edit.copy",1300904779154
activated,editor,org.eclipse.jdt.ui,3.6.0.v20100602-1600,"org.eclipse.jdt.ui.CompilationUnitEditor",1300904780660
executed,command,org.eclipse.ui,3.6.0.I20100603-1100,"org.eclipse.ui.edit.paste",1300904792596
executed,command,org.eclipse.ui.workbench.texteditor,3.6.0.v20100520-0800,"org.eclipse.ui.edit.text.goto.lineEnd",1300904794634
executed,command,org.eclipse.ui,3.6.0.I20100603-1100,"org.eclipse.ui.file.save",1300904817636
executed,command,org.eclipse.ui.workbench.texteditor,3.6.0.v20100520-0800,"org.eclipse.ui.edit.text.delete.line",1300904820333
executed,command,org.eclipse.ui.workbench.texteditor,3.6.0.v20100520-0800,"org.eclipse.ui.edit.text.goto.lineEnd",1300904820660
executed,command,org.eclipse.ui,3.6.0.I20100603-1100,"org.eclipse.ui.edit.delete",1300904828420
executed,command,org.eclipse.ui,3.6.0.I20100603-1100,"org.eclipse.ui.edit.text.contentAssist.proposals",1300904854537
executed,command,org.eclipse.ui,3.6.0.I20100603-1100,"org.eclipse.ui.edit.text.contentAssist.proposals",1300904859658
executed,command,org.eclipse.ui,3.6.0.I20100603-1100,"org.eclipse.ui.file.save",1300904869210
executed,command,org.eclipse.ui.workbench.texteditor,3.6.0.v20100520-0800,"org.eclipse.ui.edit.text.goto.lineEnd",1300904883366
executed,command,org.eclipse.ui.workbench.texteditor,3.6.0.v20100520-0800,"org.eclipse.ui.edit.text.goto.lineEnd",1300904887302
executed,command,org.eclipse.ui.workbench.texteditor,3.6.0.v20100520-0800,"org.eclipse.ui.edit.text.goto.lineEnd",1300904903311
executed,command,org.eclipse.ui,3.6.0.I20100603-1100,"org.eclipse.ui.edit.text.contentAssist.proposals",1300904908874
executed,command,org.eclipse.ui,3.6.0.I20100603-1100,"org.eclipse.ui.file.save",1300904912085
executed,command,org.eclipse.ui.ide,3.6.0.I20100601-0800,"org.eclipse.jdt.ui.edit.text.java.correction.assist.proposals",1300904913347
executed,command,org.eclipse.ui.ide,3.6.0.I20100601-0800,"org.eclipse.jdt.ui.edit.text.java.correction.assist.proposals",1300904924031
executed,command,org.eclipse.ui,3.6.0.I20100603-1100,"org.eclipse.ui.file.save",1300904926921
executed,command,org.eclipse.ui,3.6.0.I20100603-1100,"org.eclipse.ui.edit.delete",1300904937138
executed,command,org.eclipse.ui,3.6.0.I20100603-1100,"org.eclipse.ui.edit.delete",1300904937408
executed,command,org.eclipse.ui,3.6.0.I20100603-1100,"org.eclipse.ui.edit.delete",1300904937604
executed,command,org.eclipse.ui,3.6.0.I20100603-1100,"org.eclipse.ui.edit.delete",1300904937770
executed,command,org.eclipse.ui,3.6.0.I20100603-1100,"org.eclipse.ui.edit.delete",1300904937936
executed,command,org.eclipse.ui,3.6.0.I20100603-1100,"org.eclipse.ui.edit.delete",1300904938345
executed,command,org.eclipse.ui,3.6.0.I20100603-1100,"org.eclipse.ui.edit.delete",1300904938843
executed,command,org.eclipse.ui,3.6.0.I20100603-1100,"org.eclipse.ui.edit.delete",1300904938878
executed,command,org.eclipse.ui,3.6.0.I20100603-1100,"org.eclipse.ui.edit.delete",1300904938910
executed,command,org.eclipse.ui,3.6.0.I20100603-1100,"org.eclipse.ui.edit.delete",1300904938943
executed,command,org.eclipse.ui,3.6.0.I20100603-1100,"org.eclipse.ui.edit.delete",1300904938975
executed,command,org.eclipse.ui,3.6.0.I20100603-1100,"org.eclipse.ui.edit.delete",1300904939009
executed,command,org.eclipse.ui,3.6.0.I20100603-1100,"org.eclipse.ui.edit.delete",1300904939042
executed,command,org.eclipse.ui,3.6.0.I20100603-1100,"org.eclipse.ui.edit.delete",1300904939075
executed,command,org.eclipse.ui,3.6.0.I20100603-1100,"org.eclipse.ui.edit.delete",1300904939108
executed,command,org.eclipse.ui,3.6.0.I20100603-1100,"org.eclipse.ui.edit.delete",1300904939142
executed,command,org.eclipse.ui,3.6.0.I20100603-1100,"org.eclipse.ui.edit.delete",1300904939175
executed,command,org.eclipse.ui,3.6.0.I20100603-1100,"org.eclipse.ui.edit.delete",1300904939206
executed,command,org.eclipse.ui,3.6.0.I20100603-1100,"org.eclipse.ui.edit.delete",1300904939236
executed,command,org.eclipse.ui,3.6.0.I20100603-1100,"org.eclipse.ui.edit.delete",1300904939275
executed,command,org.eclipse.ui,3.6.0.I20100603-1100,"org.eclipse.ui.edit.delete",1300904939308
executed,command,org.eclipse.ui,3.6.0.I20100603-1100,"org.eclipse.ui.edit.delete",1300904939343
executed,command,org.eclipse.ui,3.6.0.I20100603-1100,"org.eclipse.ui.edit.delete",1300904939374
executed,command,org.eclipse.ui,3.6.0.I20100603-1100,"org.eclipse.ui.edit.delete",1300904939406
executed,command,org.eclipse.ui,3.6.0.I20100603-1100,"org.eclipse.ui.edit.delete",1300904939437
executed,command,org.eclipse.ui,3.6.0.I20100603-1100,"org.eclipse.ui.edit.delete",1300904939476
executed,command,org.eclipse.ui,3.6.0.I20100603-1100,"org.eclipse.ui.edit.delete",1300904939594
executed,command,org.eclipse.ui,3.6.0.I20100603-1100,"org.eclipse.ui.edit.delete",1300904939747
executed,command,org.eclipse.ui,3.6.0.I20100603-1100,"org.eclipse.ui.edit.delete",1300904939886
executed,command,org.eclipse.ui,3.6.0.I20100603-1100,"org.eclipse.ui.edit.delete",1300904940027
executed,command,org.eclipse.ui,3.6.0.I20100603-1100,"org.eclipse.ui.edit.delete",1300904940354
executed,command,org.eclipse.ui,3.6.0.I20100603-1100,"org.eclipse.ui.edit.text.contentAssist.proposals",1300904949575
executed,command,org.eclipse.ui,3.6.0.I20100603-1100,"org.eclipse.ui.edit.text.contentAssist.proposals",1300904950580
executed,command,org.eclipse.ui,3.6.0.I20100603-1100,"org.eclipse.ui.edit.text.contentAssist.proposals",1300904955128
executed,command,org.eclipse.ui,3.6.0.I20100603-1100,"org.eclipse.ui.edit.text.contentAssist.proposals",1300904959668
executed,command,org.eclipse.ui,3.6.0.I20100603-1100,"org.eclipse.ui.edit.text.contentAssist.proposals",1300904971904
executed,command,org.eclipse.ui,3.6.0.I20100603-1100,"org.eclipse.ui.edit.text.contentAssist.proposals",1300904982053
executed,command,org.eclipse.ui.workbench.texteditor,3.6.0.v20100520-0800,"org.eclipse.ui.edit.text.select.lineEnd",1300904986439
executed,command,org.eclipse.ui,3.6.0.I20100603-1100,"org.eclipse.ui.edit.text.contentAssist.proposals",1300904990632
executed,command,org.eclipse.ui,3.6.0.I20100603-1100,"org.eclipse.ui.edit.cut",1300904998622
executed,command,org.eclipse.ui,3.6.0.I20100603-1100,"org.eclipse.ui.edit.paste",1300905000691
executed,command,org.eclipse.ui.workbench.texteditor,3.6.0.v20100520-0800,"org.eclipse.ui.edit.text.goto.lineStart",1300905001045
executed,command,org.eclipse.ui.workbench.texteditor,3.6.0.v20100520-0800,"org.eclipse.ui.edit.text.select.lineEnd",1300905002116
executed,command,org.eclipse.ui,3.6.0.I20100603-1100,"org.eclipse.ui.edit.copy",1300905002794
executed,command,org.eclipse.ui.workbench.texteditor,3.6.0.v20100520-0800,"org.eclipse.ui.edit.text.goto.lineEnd",1300905003069
executed,command,org.eclipse.ui,3.6.0.I20100603-1100,"org.eclipse.ui.edit.paste",1300905003525
executed,command,org.eclipse.ui,3.6.0.I20100603-1100,"org.eclipse.ui.edit.paste",1300905003859
executed,command,org.eclipse.ui,3.6.0.I20100603-1100,"org.eclipse.ui.edit.paste",1300905004362
executed,command,org.eclipse.ui,3.6.0.I20100603-1100,"org.eclipse.ui.edit.cut",1300905011285
executed,command,org.eclipse.ui,3.6.0.I20100603-1100,"org.eclipse.ui.edit.paste",1300905014832
executed,command,org.eclipse.ui,3.6.0.I20100603-1100,"org.eclipse.ui.edit.cut",1300905019145
executed,command,org.eclipse.ui,3.6.0.I20100603-1100,"org.eclipse.ui.edit.paste",1300905023298
executed,command,org.eclipse.ui,3.6.0.I20100603-1100,"org.eclipse.ui.edit.cut",1300905027959
executed,command,org.eclipse.ui,3.6.0.I20100603-1100,"org.eclipse.ui.edit.paste",1300905034157
executed,command,org.eclipse.ui.workbench.texteditor,3.6.0.v20100520-0800,"org.eclipse.ui.edit.text.delete.line",1300905036134
executed,command,org.eclipse.ui.workbench.texteditor,3.6.0.v20100520-0800,"org.eclipse.ui.edit.text.delete.line",1300905037544
executed,command,org.eclipse.ui.workbench.texteditor,3.6.0.v20100520-0800,"org.eclipse.ui.edit.text.delete.line",1300905037687
executed,command,org.eclipse.ui.workbench.texteditor,3.6.0.v20100520-0800,"org.eclipse.ui.edit.text.goto.lineEnd",1300905040211
executed,command,org.eclipse.ui,3.6.0.I20100603-1100,"org.eclipse.ui.edit.text.contentAssist.proposals",1300905044057
executed,command,org.eclipse.ui,3.6.0.I20100603-1100,"org.eclipse.ui.edit.text.contentAssist.proposals",1300905049062
executed,command,org.eclipse.ui,3.6.0.I20100603-1100,"org.eclipse.ui.edit.text.contentAssist.proposals",1300905057597
executed,command,org.eclipse.ui,3.6.0.I20100603-1100,"org.eclipse.ui.file.save",1300905063277
executed,command,org.eclipse.ui.workbench.texteditor,3.6.0.v20100520-0800,"org.eclipse.ui.edit.text.delete.line",1300905066996
executed,command,org.eclipse.ui.workbench.texteditor,3.6.0.v20100520-0800,"org.eclipse.ui.edit.text.delete.line",1300905067170
executed,command,org.eclipse.ui.workbench.texteditor,3.6.0.v20100520-0800,"org.eclipse.ui.edit.text.delete.line",1300905067272
executed,command,org.eclipse.ui.workbench.texteditor,3.6.0.v20100520-0800,"org.eclipse.ui.edit.text.delete.line",1300905068029
executed,command,org.eclipse.ui,3.6.0.I20100603-1100,"org.eclipse.ui.file.save",1300905068693
activated,view,org.eclipse.jdt.junit,3.6.0.v20100526-0800,"org.eclipse.jdt.junit.ResultView",1300905071407
executed,command,org.eclipse.jdt.junit,3.6.0.v20100526-0800,"org.eclipse.jdt.junit.junitShortcut.rerunLast",1300905071409
activated,editor,org.eclipse.jdt.ui,3.6.0.v20100602-1600,"org.eclipse.jdt.ui.CompilationUnitEditor",1300905081665
activated,view,org.eclipse.jdt.junit,3.6.0.v20100526-0800,"org.eclipse.jdt.junit.ResultView",1300905088115
activated,editor,org.eclipse.jdt.ui,3.6.0.v20100602-1600,"org.eclipse.jdt.ui.CompilationUnitEditor",1300905088186
started,bundle,org.python.pydev.customizations,1.6.3.2010100513,"org.python.pydev.customizations",1300905099274
activated,view,org.eclipse.ui.navigator.resources,3.4.200.I20100601-0800,"org.eclipse.ui.navigator.ProjectExplorer",1300905102460
started,bundle,org.eclipse.wst.jsdt.debug.ui,1.0.1.v201008170101,"org.eclipse.wst.jsdt.debug.ui",1300905104037
deactivated,workbench,org.eclipse.ui.workbench,3.6.0.I20100603-1100,"",1300905132252
executed,command,org.eclipse.wst.server.ui,1.1.205.v20100908,"org.eclipse.wst.server.launchShortcut.run",1300905137801
activated,workbench,org.eclipse.ui.workbench,3.6.0.I20100603-1100,"",1300905137816
deactivated,workbench,org.eclipse.ui.workbench,3.6.0.I20100603-1100,"",1300905147551
executed,command,org.eclipse.ui.ide,3.6.0.I20100601-0800,"org.eclipse.ui.project.properties",1300905203265
activated,workbench,org.eclipse.ui.workbench,3.6.0.I20100603-1100,"",1300905203288
opened,view,org.eclipse.wst.server.ui,1.1.205.v20100908,"org.eclipse.wst.server.ui.ServersView",1300905213070
activated,view,org.eclipse.wst.server.ui,1.1.205.v20100908,"org.eclipse.wst.server.ui.ServersView",1300905213127
executed,command,org.eclipse.ui,3.6.0.I20100603-1100,"org.eclipse.ui.views.showView",1300905213128
deactivated,workbench,org.eclipse.ui.workbench,3.6.0.I20100603-1100,"",1300905218235
started,bundle,org.eclipse.wst.server.preview.adapter,1.1.0.v20090311b,"org.eclipse.wst.server.preview.adapter",1300905218343
activated,workbench,org.eclipse.ui.workbench,3.6.0.I20100603-1100,"",1300905240368
deactivated,workbench,org.eclipse.ui.workbench,3.6.0.I20100603-1100,"",1300905256526
activated,workbench,org.eclipse.ui.workbench,3.6.0.I20100603-1100,"",1300905333787
activated,view,org.eclipse.ui.navigator.resources,3.4.200.I20100601-0800,"org.eclipse.ui.navigator.ProjectExplorer",1300905333813
activated,view,org.eclipse.wst.server.ui,1.1.205.v20100908,"org.eclipse.wst.server.ui.ServersView",1300905344182
deactivated,workbench,org.eclipse.ui.workbench,3.6.0.I20100603-1100,"",1300905348949
started,bundle,org.eclipse.jst.server.tomcat.core,1.1.200.v20100519,"org.eclipse.jst.server.tomcat.core",1300905359895
started,bundle,org.eclipse.jst.server.tomcat.ui,1.1.200.v20100418,"org.eclipse.jst.server.tomcat.ui",1300905359910
activated,workbench,org.eclipse.ui.workbench,3.6.0.I20100603-1100,"",1300905389751
executed,command,org.eclipse.wst.server.ui,1.1.205.v20100908,"org.eclipse.wst.server.run",1300905397148
opened,view,org.eclipse.ui.console,3.5.0.v20100526,"org.eclipse.ui.console.ConsoleView",1300905398168
activated,view,org.eclipse.ui.console,3.5.0.v20100526,"org.eclipse.ui.console.ConsoleView",1300905398251
activated,view,org.eclipse.wst.server.ui,1.1.205.v20100908,"org.eclipse.wst.server.ui.ServersView",1300905400522
deactivated,workbench,org.eclipse.ui.workbench,3.6.0.I20100603-1100,"",1300905430737
activated,workbench,org.eclipse.ui.workbench,3.6.0.I20100603-1100,"",1300905504759
activated,view,org.eclipse.ui.console,3.5.0.v20100526,"org.eclipse.ui.console.ConsoleView",1300905504883
activated,view,org.eclipse.ui.navigator.resources,3.4.200.I20100601-0800,"org.eclipse.ui.navigator.ProjectExplorer",1300905522098
deactivated,workbench,org.eclipse.ui.workbench,3.6.0.I20100603-1100,"",1300905526244
